Season,TeamName,Tempo,RankTempo,AdjTempo,RankAdjTempo,OE,RankOE,AdjOE,RankAdjOE,DE,RankDE,AdjDE,RankAdjDE,AdjEM,RankAdjEM
2024,Abilene Christian,70.536,67,68.4993,114,99.0523,295,101.478,260,103.331,127,105.636,163,-4.15788,217
2024,Air Force,63.4044,354,61.8165,359,103.451,219,106.102,178,113.982,346,112.95,320,-6.84801,256
2024,Akron,66.7904,275,65.9464,268,107.817,120,107.001,162,99.6876,47,102.033,96,4.96862,117
2024,Alabama,74.1625,7,72.6731,11,121.712,2,125.5,3,108.031,254,103.09,113,22.4104,12
2024,Alabama A&M,71.8838,37,70.6636,39,95.8314,331,93.9411,346,104.448,168,108.09,215,-14.1487,324
2024,Alabama St.,69.0655,138,67.0905,203,93.9542,347,93.0755,352,100.59,64,105.366,158,-12.2908,311
2024,Albany,74.333,6,73.0021,6,104.457,198,105.283,195,106.215,215,111.026,278,-5.74289,244
2024,Alcorn St.,68.329,187,66.396,248,105.142,183,106.402,172,113.272,342,116.626,354,-10.2241,294
2024,American,62.915,359,62.7803,355,106.303,152,103.58,224,106.857,227,113.89,334,-10.3098,295
2024,Appalachian St.,68.6858,160,66.9558,214,109.532,92,108.442,135,97.3208,21,98.4413,36,10.0005,80
2024,Arizona,73.376,11,71.8924,16,117.653,10,121.208,8,96.9086,15,94.4412,11,26.7665,5
2024,Arizona St.,70.5509,64,69.1037,84,97.504,315,103.975,219,104.597,173,100.08,58,3.89502,127
2024,Arkansas,72.2026,26,70.7539,35,105.897,165,109.957,104,109.076,272,104.216,136,5.74096,108
2024,Arkansas Pine Bluff,73.0347,14,71.7797,17,103.856,213,102.206,251,114.427,352,118.955,361,-16.7489,333
2024,Arkansas St.,70.016,91,67.8474,152,112.501,44,113.583,62,109.815,292,110.265,259,3.31823,132
2024,Army,63.18,357,63.0245,351,93.7353,349,90.9195,357,102.933,118,109.779,246,-18.8593,345
2024,Auburn,70.9629,54,69.8188,59,117.364,13,120.555,10,95.7924,7,91.688,4,28.8669,4
2024,Austin Peay,65.5753,325,64.6509,324,109.617,89,108.21,142,111.753,326,114.047,336,-5.83741,246
2024,Ball St.,67.4976,241,66.8407,222,105.289,177,102.979,241,106.606,220,110.728,270,-7.74858,267
2024,Baylor,66.8428,270,65.6419,280,117.262,15,122.384,6,104.166,158,100.321,62,22.0628,14
2024,Bellarmine,66.4824,283,64.798,317,100.636,272,100.294,280,114.394,351,113.365,329,-13.0708,316
2024,Belmont,71.9026,35,71.2117,29,107.452,129,109.37,113,105.414,191,103.943,131,5.42665,111
2024,Bethune Cookman,70.6643,61,69.4755,72,98.1113,309,97.579,316,102.45,110,109.034,238,-11.455,305
2024,Binghamton,68.0898,203,66.2337,254,101.542,258,102.5,246,107.362,244,111.383,287,-8.88239,283
2024,Boise St.,66.3846,287,66.5765,241,110.354,76,113.447,64,100.804,70,96.9967,26,16.4504,37
2024,Boston College,67.7969,221,66.8749,219,108.692,112,113.234,68,104.981,180,102.287,98,10.9464,74
2024,Boston University,65.6953,320,65.7679,274,99.0878,294,98.3302,309,100.921,75,108.678,228,-10.3481,296
2024,Bowling Green,68.5834,167,67.6439,160,104.158,206,102.393,248,103.486,137,107.915,213,-5.52244,239
2024,Bradley,66.9635,268,66.2133,255,110.439,74,112.639,73,99.7066,48,99.773,55,12.8662,58
2024,Brown,67.6376,230,67.1534,198,102.79,233,104.317,216,105.751,201,106.684,182,-2.36683,190
2024,Bryant,75.3787,2,74.1132,3,99.4465,291,101.078,267,98.7481,34,101.926,95,-0.847551,174
2024,Bucknell,64.1487,352,64.769,319,100.803,270,100.321,279,103.737,144,108.63,227,-8.30913,277
2024,Buffalo,70.1324,83,69.0732,87,95.6487,333,95.3995,338,113.129,341,114.994,345,-19.5945,347
2024,Butler,69.3125,124,68.4427,121,107.772,122,112.562,74,104.401,166,101.077,83,11.4846,70
2024,BYU,70.0246,90,69.0754,86,116.926,16,120.321,11,99.9495,52,99.5393,51,20.7817,16
2024,Cal Baptist,65.2943,333,63.5532,346,102.026,247,102.981,240,102.2,102,105.828,169,-2.84662,200
2024,Cal Poly,66.5123,280,65.8305,271,93.7635,348,94.6932,342,110.692,307,112.212,307,-17.5192,338
2024,Cal St. Bakersfield,65.7488,317,64.7643,320,100.817,269,101.237,265,105.784,203,107.026,196,-5.78915,245
2024,Cal St. Fullerton,67.2869,255,66.374,249,98.5792,303,100.22,283,103.967,147,105.339,157,-5.11957,231
2024,Cal St. Northridge,72.9858,15,72.5659,13,100.842,268,100.209,284,101.742,89,105.371,159,-5.16196,234
2024,California,69.768,99,68.4602,118,104.024,209,109.05,123,107.792,252,104.446,141,4.60319,121
2024,Campbell,66.5348,278,66.5693,242,101.984,248,100.652,274,109.499,286,112.954,321,-12.302,312
2024,Canisius,68.0699,205,66.8237,224,100.689,271,100.191,285,105.443,193,108.475,221,-8.28394,274
2024,Central Arkansas,70.0705,87,69.1729,82,99.7642,284,97.193,321,114.105,347,115.095,346,-17.9025,340
2024,Central Connecticut,67.4584,245,66.8564,220,103.78,216,101.056,268,100.67,68,108.41,219,-7.354,264
2024,Central Michigan,66.1632,300,65.0008,312,96.9844,323,96.5917,328,103.424,131,104.973,149,-8.38093,278
2024,Charleston,69.7286,100,69.8228,58,114.421,23,113.739,57,104.197,161,106.142,175,7.59648,99
2024,Charleston Southern,67.5481,237,66.8469,221,94.942,338,95.4265,336,110.13,296,108.492,222,-13.0655,315
2024,Charlotte,63.1816,356,62.3822,356,106.669,146,108.733,130,104.165,157,103.924,130,4.80917,118
2024,Chattanooga,68.2132,193,66.9288,216,111.391,54,110.425,97,105.954,208,107.904,212,2.52029,140
2024,Chicago St.,66.492,282,64.4538,332,96.4397,327,98.8207,305,106.834,225,109.935,250,-11.1144,302
2024,Cincinnati,68.3617,184,67.2932,189,107.634,123,111.762,81,98.4537,32,95.571,17,16.1908,42
2024,Clemson,67.5823,234,66.1701,259,113.635,29,117.458,26,104.781,178,100.518,68,16.9407,36
2024,Cleveland St.,68.3736,183,67.2652,191,109.522,93,107.819,146,107.237,239,110.125,257,-2.30543,186
2024,Coastal Carolina,71.0887,53,69.4589,73,100.1,280,99.5024,296,110.853,312,112.199,306,-12.6965,314
2024,Colgate,66.1152,303,66.2643,253,106.356,151,104.625,209,96.8562,14,102.51,106,2.11544,144
2024,Colorado,68.8367,150,67.336,184,113.119,34,117.243,27,101.5,83,98.2912,35,18.9513,24
2024,Colorado St.,66.3264,291,65.9573,267,112.05,49,115.77,40,102.1,97,97.6684,30,18.1011,29
2024,Columbia,69.4073,116,68.4879,115,106.562,149,106.688,168,108.582,267,112.016,299,-5.32842,237
2024,Connecticut,66.2316,299,64.4901,330,122.708,1,126.378,1,97.6459,23,94.7084,13,31.6697,1
2024,Coppin St.,67.2945,254,66.0566,265,85.2819,361,85.589,361,107.321,241,111.508,290,-25.9186,361
2024,Cornell,71.4705,42,71.4578,22,112.295,47,113.44,65,105.199,186,106.152,176,7.28796,103
2024,Creighton,67.9754,212,67.0501,208,116.365,18,119.94,13,100.617,67,96.9812,25,22.9592,11
2024,Dartmouth,65.8875,311,65.0455,311,91.9971,354,93.2207,351,111.351,320,110.201,258,-16.9805,336
2024,Davidson,65.7722,315,65.5793,286,102.699,235,105.588,189,102.04,95,101.303,88,4.2848,124
2024,Dayton,64.5594,348,64.2044,337,115.089,20,118.581,19,102.217,103,101.26,87,17.3214,33
2024,Delaware,67.4355,250,67.3886,177,106.882,140,104.975,202,102.941,119,105.605,162,-0.630282,170
2024,Delaware St.,69.4739,112,68.5355,111,96.8354,324,95.6885,335,100.489,62,105.764,165,-10.0755,293
2024,Denver,70.5015,69,70.3312,48,110.253,77,107.871,145,114.13,348,115.542,351,-7.6716,266
2024,DePaul,68.3562,185,67.5523,165,94.874,340,100.991,270,119.443,362,113.145,322,-12.1543,309
2024,Detroit Mercy,68.0245,208,66.77,227,96.4591,326,96.76,326,117.114,358,117.367,357,-20.607,351
2024,Drake,68.6721,161,67.8764,151,114.237,25,115.607,42,100.305,60,100.721,72,14.8862,51
2024,Drexel,65.3344,332,64.4577,331,108.875,107,108.266,140,101.383,81,104.082,134,4.18332,126
2024,Duke,67.7309,224,66.7197,230,118.229,8,121.805,7,99.4864,39,96.9618,24,24.8432,8
2024,Duquesne,66.8316,272,66.3477,251,104.828,189,106.964,164,99.8115,51,97.5391,29,9.4253,85
2024,East Carolina,65.5889,323,64.9178,313,103.885,211,104.871,205,106.972,231,107.126,197,-2.2552,185
2024,East Tennessee St.,68.1895,196,66.9985,212,102.988,232,103.407,229,103.549,138,104.388,139,-0.980212,176
2024,Eastern Illinois,67.4741,242,66.6498,236,96.5098,325,96.1939,331,104.411,167,109.812,247,-13.618,320
2024,Eastern Kentucky,70.1776,80,68.7142,100,108.974,104,106.955,166,109.792,291,111.011,277,-4.056,215
2024,Eastern Michigan,66.2534,296,65.2261,307,98.3101,306,96.9081,323,109.619,289,111.955,298,-15.0469,326
2024,Eastern Washington,70.6686,60,70.4524,45,112.375,46,112.035,76,109.144,273,110.376,260,1.65895,150
2024,Elon,67.5175,238,67.3969,176,104.212,203,101.841,256,113.003,338,115.127,347,-13.2857,317
2024,Evansville,69.31,125,68.5052,113,100.332,278,103.101,237,106.475,218,106.67,181,-3.5696,205
2024,Fairfield,68.9814,144,68.3398,127,109.027,103,108.785,128,103.339,128,109.085,239,-0.299329,166
2024,Fairleigh Dickinson,72.8658,18,72.1349,15,99.8865,283,98.0002,312,106.746,223,113.313,327,-15.3129,327
2024,FIU,71.3822,45,70.2052,50,99.5036,287,101.598,259,107.738,251,110.613,263,-9.01547,284
2024,Florida,72.9572,16,71.7258,18,114.641,22,119.286,15,105.628,198,101.165,85,18.1205,28
2024,Florida A&M,69.6002,106,68.2612,129,92.4953,353,93.3506,349,109.214,278,111.053,280,-17.7023,339
2024,Florida Atlantic,69.0573,139,68.0988,139,117.344,14,118.918,17,103.999,148,102.555,107,16.3629,39
2024,Florida Gulf Coast,65.5319,327,63.7938,341,105.608,171,103.283,234,109.195,276,108.911,235,-5.62776,241
2024,Florida St.,72.1832,27,71.0623,32,105.691,170,110.515,94,105.59,197,100.959,79,9.55591,83
2024,Fordham,69.3648,119,68.6273,105,99.4822,290,101.226,266,102.743,114,103.599,126,-2.37252,192
2024,Fresno St.,65.9175,309,65.5575,288,100.846,267,103.769,222,111.056,317,108.756,232,-4.98739,229
2024,Furman,70.3984,73,68.7436,98,110.208,78,109.942,105,107.214,238,107.581,208,2.36145,142
2024,Gardner Webb,69.8344,96,69.3561,74,101.824,252,102.353,250,105.708,199,105.839,170,-3.48532,204
2024,George Mason,64.831,343,63.6391,344,108.712,111,109.533,111,101.648,86,101.38,90,8.15343,96
2024,George Washington,70.1992,79,69.7078,64,105.72,169,107.302,154,107.663,249,110.65,265,-3.34819,203
2024,Georgetown,67.4524,246,66.593,240,104.034,208,109.992,103,114.976,353,113.565,332,-3.57288,206
2024,Georgia,70.4589,71,68.4187,122,105.843,166,109.49,112,105.229,187,100.443,67,9.04697,90
2024,Georgia Southern,70.1652,81,68.8924,94,103.367,221,104.771,207,111.943,329,113.335,328,-8.56473,280
2024,Georgia St.,70.0835,84,67.9269,148,105.185,181,105.738,186,108.142,256,109.898,249,-4.15955,218
2024,Georgia Tech,68.2717,191,67.4948,167,102.503,242,108.94,125,108.85,269,105.184,153,3.75641,130
2024,Gonzaga,69.7948,98,69.1439,83,119.756,3,121.105,9,99.6295,46,99.3608,43,21.7447,15
2024,Grambling St.,66.2622,294,64.8267,316,98.2433,308,100.23,282,103.126,123,107.187,198,-6.95675,260
2024,Grand Canyon,69.3343,121,68.1452,135,112.74,40,113.593,61,95.7241,6,99.4437,45,14.1493,52
2024,Green Bay,64.9162,341,63.6138,345,104.825,190,103.873,221,107.027,233,108.964,237,-5.09109,230
2024,Hampton,70.0071,92,69.6502,68,97.0661,321,94.5095,344,112.087,331,112.539,316,-18.0293,341
2024,Harvard,67.7425,222,67.3984,175,102.666,237,102.048,254,106.206,213,106.891,191,-4.84307,226
2024,Hawaii,67.4712,243,66.1086,262,105.234,178,104.898,204,101.917,93,105.196,154,-0.298029,165
2024,High Point,68.789,155,68.569,109,117.869,9,115.876,34,107.026,232,110.514,262,5.36186,113
2024,Hofstra,66.4217,284,65.6354,281,109.994,85,108.477,134,103.464,135,103.151,116,5.32541,114
2024,Holy Cross,65.3884,331,65.7564,275,100.562,274,100.77,272,114.21,349,120.382,362,-19.6125,348
2024,Houston,64.1588,351,63.3019,349,113.057,35,118.727,18,88.2881,1,87.2755,2,31.4515,2
2024,Houston Christian,72.6775,20,71.3564,24,95.0097,336,96.6641,327,116.091,356,118.815,360,-22.1512,354
2024,Howard,69.0139,141,67.6937,158,106.36,150,105.507,192,107.359,243,114.036,335,-8.52872,279
2024,Idaho,65.5856,324,64.8657,315,100.471,276,98.4154,308,110.526,302,112.094,301,-13.6784,321
2024,Idaho St.,64.5568,349,63.9283,339,105.332,175,103.392,230,108.567,265,110.117,256,-6.7244,254
2024,Illinois,70.5498,65,69.9181,57,118.858,6,125.512,2,104.051,152,101.569,92,23.9434,10
2024,Illinois Chicago,68.5645,169,68.1663,134,98.9771,297,100.906,271,103.172,125,103.493,121,-2.58721,193
2024,Illinois St.,65.1605,338,63.6631,343,101.772,255,102.681,244,104.67,175,104.376,138,-1.69418,179
2024,Incarnate Word,71.3565,46,69.9272,56,98.4341,304,96.5271,329,110.235,299,115.349,349,-18.8218,343
2024,Indiana,69.3814,117,68.4633,117,104.287,201,109.686,107,107.097,235,101.067,82,8.61858,92
2024,Indiana St.,71.4477,44,70.6907,38,118.334,7,119.161,16,101.819,90,102.87,112,16.2903,41
2024,Iona,67.9996,211,66.9667,213,104.945,186,103.679,223,103.598,139,108.244,217,-4.56481,224
2024,Iowa,72.5588,21,71.5863,19,114.108,26,119.412,14,109.206,277,105.291,156,14.121,53
2024,Iowa St.,68.1713,199,67.3575,181,110.446,73,113.754,56,89.9131,2,87.2279,1,26.5256,6
2024,IUPUI,68.6599,162,67.3685,180,94.0042,346,92.1094,353,118.33,361,117.728,358,-25.6183,360
2024,Jackson St.,69.9847,93,68.4173,123,101.691,256,100.542,277,107.616,248,112.32,309,-11.7777,308
2024,Jacksonville,67.6103,231,65.509,293,103.007,230,101.008,269,109.64,290,109.316,242,-8.30823,276
2024,Jacksonville St.,66.2387,297,64.7376,322,101.206,261,102.032,255,101.686,87,104.867,148,-2.83488,198
2024,James Madison,71.1256,51,69.5109,71,115.358,19,113.826,54,96.5285,11,100.953,78,12.8735,57
2024,Kansas,69.6118,104,68.9726,92,107.292,134,113.244,67,99.1572,35,94.2891,10,18.9553,23
2024,Kansas St.,68.5203,173,67.5277,166,102.655,238,108.348,139,101.093,76,96.7205,23,11.6271,69
2024,Kennesaw St.,74.859,3,74.0255,4,108.219,115,105.258,197,111.043,316,112.81,318,-7.55208,265
2024,Kent St.,67.5109,239,66.5399,245,107.208,135,106.143,177,104.362,165,106.805,186,-0.662183,172
2024,Kentucky,74.0781,8,72.6941,9,119.208,5,122.683,5,106.045,210,102.719,109,19.9639,21
2024,La Salle,67.1413,260,66.5683,243,105.034,184,106.036,180,108.506,263,108.771,233,-2.73497,195
2024,Lafayette,65.263,335,65.2527,306,94.677,344,93.6406,347,102.005,94,106.984,193,-13.343,318
2024,Lamar,69.9484,95,68.1989,133,107.376,130,104.392,215,103.442,132,108.101,216,-3.70902,207
2024,Le Moyne,68.3518,186,67.2586,192,102.119,246,100.105,286,104.201,162,111.04,279,-10.935,300
2024,Lehigh,69.5705,108,69.996,53,100.56,275,99.5884,295,101.632,85,106.915,192,-7.32616,263
2024,Liberty,65.7146,319,64.5611,328,108.236,114,109.162,120,103.16,124,106.388,179,2.77394,138
2024,Lindenwood,68.1848,197,67.0735,204,92.7112,351,91.7979,355,109.256,279,114.155,338,-22.3571,356
2024,Lipscomb,70.4817,70,69.0007,91,114.255,24,111.978,77,109.816,293,112.321,310,-0.343812,167
2024,Little Rock,69.7955,97,68.6978,101,110.078,81,106.972,163,102.242,104,109.179,241,-2.20743,184
2024,LIU,71.2761,48,70.2754,49,92.791,350,93.3192,350,106.965,230,112.149,302,-18.8296,344
2024,Long Beach St.,71.9116,34,71.3006,27,106.086,159,107.71,147,105.086,184,107.712,209,-0.00140094,163
2024,Longwood,67.8933,214,66.8109,225,107.318,132,105.697,188,101.377,80,104.763,146,0.933917,158
2024,Louisiana,70.377,74,68.7204,99,106.573,148,105.915,183,103.403,129,104.412,140,1.5028,152
2024,Louisiana Monroe,68.261,192,67.2198,195,97.9774,310,100.1,287,109.431,285,110.633,264,-10.5325,297
2024,Louisiana Tech,66.8196,273,65.6973,278,107.185,136,108.766,129,97.2592,19,100.341,63,8.42542,94
2024,Louisville,70.4252,72,69.7881,61,101.388,259,105.257,198,112.072,330,108.315,218,-3.05807,201
2024,Loyola Chicago,69.0803,136,68.6145,106,103.406,220,105.532,191,97.1999,17,97.099,27,8.43326,93
2024,Loyola Marymount,65.8525,312,64.6163,326,107.968,119,108.371,138,109.267,280,110.684,267,-2.31298,187
2024,Loyola MD,65.788,314,65.6968,279,94.7793,342,93.4012,348,108.521,264,113.546,330,-20.1445,350
2024,LSU,70.744,58,69.7975,60,107.333,131,110.388,101,105.4,190,102.179,97,8.20912,95
2024,Maine,67.5604,236,65.414,298,97.2733,317,97.2747,319,99.5328,40,102.395,100,-5.11985,232
2024,Manhattan,69.0127,142,68.0239,142,94.2792,345,95.2486,340,109.028,271,112.459,313,-17.2108,337
2024,Marist,65.5403,326,64.7234,323,98.9318,298,97.0485,322,94.8008,5,100.925,76,-3.87645,210
2024,Marquette,69.3264,122,69.0168,90,112.444,45,118.065,22,100.601,66,95.8779,20,22.1871,13
2024,Marshall,72.2562,24,70.3836,46,100.922,264,101.429,261,106.269,217,106.849,190,-5.41981,238
2024,Maryland,66.2969,293,65.4087,300,102.554,240,107.049,159,98.3022,30,94.6925,12,12.3561,63
2024,Maryland Eastern Shore,67.6579,229,67.071,206,90.4527,358,89.6606,359,106.801,224,109.534,243,-19.8735,349
2024,Massachusetts,69.2013,129,68.1266,136,111.375,56,111.792,80,102.101,98,103.131,114,8.66128,91
2024,McNeese St.,66.8129,274,65.6168,283,117.513,11,113.985,52,96.1176,9,101.245,86,12.7404,61
2024,Memphis,72.0328,30,71.5155,20,110.7,66,113.072,70,104.135,156,102.496,105,10.5757,76
2024,Mercer,67.4671,244,66.0579,264,104.221,202,104.428,214,107.569,246,108.437,220,-4.00871,213
2024,Merrimack,68.0592,206,67.3474,183,98.6477,302,96.8554,324,94.1196,4,100.873,74,-4.01713,214
2024,Miami FL,69.9598,94,68.5313,112,107.312,133,110.806,90,105.4,189,103.36,118,7.44525,101
2024,Miami OH,67.7975,220,67.3556,182,101.034,263,99.7671,292,104.115,155,106.62,180,-6.85301,257
2024,Michigan,68.8936,149,67.4086,173,104.381,200,110.459,96,113.57,345,106.686,183,3.77263,128
2024,Michigan St.,66.3965,286,65.2214,308,109.535,91,113.731,58,99.3536,36,93.7231,9,20.0079,20
2024,Middle Tennessee,66.5181,279,65.4803,295,94.7268,343,98.1119,311,105.129,185,106.839,189,-8.72757,282
2024,Milwaukee,70.5162,68,70.0983,51,109.857,86,107.888,144,110.742,310,112.526,315,-4.63729,225
2024,Minnesota,67.7096,226,66.6167,239,110.691,67,114.01,51,105.899,205,103.571,125,10.4389,77
2024,Mississippi,68.5871,165,66.8794,218,109.234,100,113.915,53,107.724,250,104.667,144,9.24778,87
2024,Mississippi St.,68.9135,147,67.0986,200,108.092,118,113.603,60,100.016,54,95.658,18,17.9453,31
2024,Mississippi Valley St.,66.2355,298,64.5978,327,83.2947,362,85.473,362,117.21,359,116.33,353,-30.8568,362
2024,Missouri,68.4553,179,66.6171,238,104.992,185,108.434,136,110.737,309,106.817,187,1.61754,151
2024,Missouri St.,68.4667,176,67.7575,157,102.483,243,104.525,212,102.828,116,102.766,110,1.75971,148
2024,Monmouth,68.1049,201,67.7708,155,106.112,157,105.702,187,106.721,222,108.548,225,-2.84589,199
2024,Montana,66.5037,281,66.2831,252,112.934,38,111.605,83,108.079,255,110.681,266,0.923745,159
2024,Montana St.,69.1205,134,68.8165,97,105.18,182,103.554,225,106.163,212,107.9,211,-4.34642,220
2024,Morehead St.,65.7279,318,64.274,335,110.583,71,108.965,124,99.5625,42,103.564,124,5.40153,112
2024,Morgan St.,71.1167,52,70.7534,36,97.1374,319,97.3438,318,111.818,327,114.259,341,-16.9152,334
2024,Mount St. Mary's,69.3752,118,69.0475,89,103.471,218,102.495,247,102.302,107,108.545,224,-6.04973,250
2024,Murray St.,65.2346,337,64.3467,334,105.345,174,107.462,151,107.097,234,106.754,185,0.707963,162
2024,N.C. State,68.9,148,68.1011,138,109.748,88,114.368,47,104.556,170,101.389,91,12.9791,56
2024,Navy,65.4328,330,65.4898,294,99.4915,289,96.8514,325,103.049,121,110.993,276,-14.1417,323
2024,Nebraska,69.2526,126,68.6408,104,110.955,62,115.821,38,100.262,59,97.6883,31,18.1329,26
2024,Nebraska Omaha,67.5068,240,67.3266,185,106.235,153,104.064,217,109.377,281,110.96,275,-6.89597,259
2024,Nevada,67.0332,266,66.6561,235,112.969,37,115.861,36,100.085,56,98.6269,38,17.2344,34
2024,New Hampshire,72.9443,17,71.3533,25,99.6241,286,99.9802,290,102.858,117,105.88,172,-5.89935,247
2024,New Mexico,72.4265,23,72.7233,8,112.623,41,115.695,41,98.1694,28,96.3307,22,19.3643,22
2024,New Mexico St.,68.0966,202,66.1256,261,95.4164,334,99.3528,297,109.383,282,109.163,240,-9.81055,288
2024,New Orleans,72.1001,28,71.4852,21,97.7346,313,97.9268,313,113.048,340,116.001,352,-18.0738,342
2024,Niagara,67.6009,233,67.3005,188,104.173,205,103.353,231,105.751,200,111.253,283,-7.89967,270
2024,Nicholls St.,67.4371,248,66.1769,258,104.626,194,104.589,210,107.326,242,109.721,245,-5.13198,233
2024,NJIT,68.3088,189,66.2046,256,96.2518,330,97.4727,317,111.259,319,114.414,342,-16.9413,335
2024,Norfolk St.,67.2794,256,66.4609,247,104.19,204,103.348,232,102.046,96,108.627,226,-5.27896,236
2024,North Alabama,68.5866,166,67.7604,156,107.548,124,105.758,185,110.702,308,112.071,300,-6.31329,251
2024,North Carolina,71.4602,43,70.4871,42,113.459,30,117.773,25,97.8323,25,93.2048,6,24.568,9
2024,North Carolina A&T,68.0051,210,67.6624,159,96.2906,329,96.0005,334,114.238,350,115.452,350,-19.4512,346
2024,North Carolina Central,67.1466,259,66.5613,244,106.024,162,104.898,203,104.59,172,111.641,292,-6.7433,255
2024,North Dakota,67.845,217,66.6345,237,108.147,116,105.443,193,108.595,268,110.713,269,-5.26996,235
2024,North Dakota St.,65.9505,306,65.5966,285,105.767,168,104.059,218,112.592,334,112.348,311,-8.2891,275
2024,North Florida,68.7676,156,67.0605,207,109.067,102,107.043,160,111.358,321,112.691,317,-5.64748,243
2024,North Texas,62.8848,360,61.6558,360,108.772,109,110.495,95,101.108,77,99.034,41,11.4611,71
2024,Northeastern,65.8133,313,65.7205,277,105.576,172,105.266,196,110.189,297,111.597,291,-6.33109,252
2024,Northern Arizona,69.0711,137,68.2243,130,98.7757,300,99.0763,300,110.529,303,111.254,284,-12.1773,310
2024,Northern Colorado,70.0434,89,69.9433,55,111.227,58,109.37,114,109.538,287,112.18,304,-2.81025,197
2024,Northern Illinois,69.1337,132,68.02,143,101.824,253,102.185,252,113.343,344,113.742,333,-11.5574,306
2024,Northern Iowa,67.6098,232,66.6643,234,106.648,147,109.213,118,105.27,188,103.543,122,5.67007,110
2024,Northern Kentucky,69.2092,128,68.0428,141,104.879,188,103.198,235,104.957,179,105.534,160,-2.33628,188
2024,Northwestern,64.6269,346,63.7767,342,112.139,48,116.633,30,104.757,177,100.745,73,15.8881,44
2024,Northwestern St.,68.7904,154,67.3798,178,98.2848,307,97.759,315,110.224,298,112.413,312,-14.654,325
2024,Notre Dame,64.85,342,64.2554,336,97.6152,314,102.833,243,102.392,109,98.6413,39,4.19191,125
2024,Oakland,68.1725,198,66.6918,231,110.679,68,108.589,133,105.581,196,105.776,166,2.81296,137
2024,Ohio,68.196,194,67.3707,179,110.926,63,109.071,122,103.458,134,106.819,188,2.25174,143
2024,Ohio St.,66.8382,271,65.6196,282,111.362,57,115.774,39,103.732,143,100.407,66,15.3663,48
2024,Oklahoma,68.4615,178,67.007,210,109.192,101,114.155,49,99.9957,53,98.2895,34,15.865,45
2024,Oklahoma St.,68.0833,204,67.0397,209,103.114,227,108.874,127,106.096,211,103.786,128,5.08827,116
2024,Old Dominion,71.1637,50,69.9787,54,98.8616,299,98.9908,301,108.261,258,108.748,230,-9.75757,287
2024,Oral Roberts,68.4049,181,67.6285,161,104.636,193,103.528,226,111.847,328,112.192,305,-8.66373,281
2024,Oregon,68.6239,163,67.2146,196,109.416,95,114.144,50,104.173,160,100.566,69,13.5778,55
2024,Oregon St.,66.1101,304,65.168,310,100.904,265,106.96,165,109.194,275,106.001,174,0.958695,157
2024,Pacific,69.1225,133,68.2757,128,91.8738,355,95.3419,339,117.488,360,118.079,359,-22.7372,358
2024,Penn,66.1433,302,65.3994,301,107.116,137,109.294,116,112.475,332,113.29,326,-3.99686,212
2024,Penn St.,70.2618,76,69.7235,62,106.175,154,111.372,86,103.875,146,101.062,81,10.3106,79
2024,Pepperdine,68.5327,171,67.3186,187,105.479,173,106.254,175,109.902,294,110.811,271,-4.55707,223
2024,Pittsburgh,66.9651,267,65.4801,296,112.775,39,115.87,35,101.44,82,99.5269,49,16.343,40
2024,Portland,68.2911,190,67.4561,171,101.95,250,103.481,228,116.225,357,114.047,337,-10.5661,298
2024,Portland St.,69.0464,140,69.27,77,101.57,257,99.6684,294,104.011,150,105.605,161,-5.93608,248
2024,Prairie View A&M,72.219,25,70.6598,40,95.3216,335,94.6645,343,106.843,226,111.247,282,-16.5826,331
2024,Presbyterian,68.4818,174,67.245,194,104.54,197,103.347,233,108.278,259,111.469,288,-8.12214,272
2024,Princeton,65.6204,321,65.41,299,116.539,17,116.81,29,103.684,142,105.115,150,11.6951,68
2024,Providence,68.3966,182,67.4845,168,104.575,196,108.409,137,99.7642,50,95.8424,19,12.5664,62
2024,Purdue,68.986,143,67.4084,174,119.453,4,124.951,4,100.728,69,95.8859,21,29.0655,3
2024,Purdue Fort Wayne,71.8839,36,70.7027,37,108.776,108,105.186,199,100.59,65,104.323,137,0.863106,160
2024,Queens,73.454,10,72.6799,10,105.301,176,103.922,220,112.536,333,111.914,297,-7.9915,271
2024,Quinnipiac,71.6128,40,71.3371,26,106.719,144,105.966,182,100.124,57,106.355,178,-0.38837,169
2024,Radford,65.0953,340,63.4741,348,107.523,126,107.343,153,110.813,311,112.279,308,-4.93612,228
2024,Rhode Island,68.9629,145,68.6802,102,104.102,207,106.68,169,111.721,324,110.483,261,-3.80213,208
2024,Rice,67.5802,235,65.7823,273,103.84,214,106.619,170,111.593,322,111.486,289,-4.86716,227
2024,Richmond,67.4379,247,66.7504,228,105.962,163,107.268,155,98.1099,27,98.1278,33,9.14057,89
2024,Rider,68.5772,168,67.9386,147,102.133,245,102.942,242,104.006,149,107.348,201,-4.40548,221
2024,Robert Morris,68.4621,177,66.953,215,103.745,217,101.667,258,111.151,318,113.256,324,-11.5885,307
2024,Rutgers,68.5627,170,67.8349,153,94.833,341,99.1865,298,96.7237,13,91.799,5,7.38748,102
2024,Sacramento St.,64.7641,344,63.9201,340,99.0451,296,98.2416,310,110.3,300,110.86,272,-12.6181,313
2024,Sacred Heart,70.1596,82,69.1963,80,103.859,212,102.096,253,104.168,159,112.163,303,-10.0672,292
2024,Saint Francis,66.4176,285,65.364,302,94.9292,339,94.4212,345,110.622,306,116.635,355,-22.2142,355
2024,Saint Joseph's,68.5894,164,68.4152,124,109.399,96,110.519,93,102.144,100,102.853,111,7.66526,98
2024,Saint Louis,69.4492,113,69.3197,75,106.808,143,111.444,85,115.155,355,114.23,339,-2.78618,196
2024,Saint Mary's,63.3514,355,61.9813,358,114.915,21,115.049,44,93.5732,3,94.9243,14,20.1249,18
2024,Saint Peter's,65.2369,336,63.9991,338,99.4394,292,98.5718,306,96.5396,12,100.943,77,-2.37123,191
2024,Sam Houston St.,68.8134,151,67.4827,169,103.162,226,106.017,181,100.865,72,103.655,127,2.3626,141
2024,Samford,73.7641,9,72.5095,14,113.993,27,113.131,69,100.909,74,103.26,117,9.8712,81
2024,San Diego,71.9589,32,71.0615,33,100.878,266,100.575,276,108.149,257,107.454,203,-6.87856,258
2024,San Diego St.,67.0337,265,66.0035,266,108.712,110,113.771,55,98.4268,31,93.666,8,20.1047,19
2024,San Francisco,68.0159,209,67.2489,193,111.688,52,110.398,100,97.3055,20,98.463,37,11.9346,66
2024,San Jose St.,65.9386,308,65.7264,276,102.543,241,106.06,179,113.306,343,111.666,293,-5.60619,240
2024,Santa Clara,69.6605,103,69.0948,85,108.576,113,109.862,106,103.769,145,104.065,133,5.7974,107
2024,Seattle,68.3202,188,66.7415,229,103.993,210,105.358,194,97.145,16,100.593,70,4.76427,120
2024,Seton Hall,67.1129,262,66.0969,263,106.993,139,111.517,84,103.407,130,99.5203,48,11.9966,65
2024,Siena,67.125,261,65.9451,269,90.0938,359,90.6184,358,110.872,314,113.177,323,-22.5591,357
2024,SIU Edwardsville,67.2504,257,67.094,202,103.174,224,101.349,263,105.505,195,110.876,273,-9.52685,286
2024,SMU,68.4518,180,67.6102,163,111.391,55,111.935,78,100.545,63,100.678,71,11.2574,72
2024,South Alabama,69.5863,107,68.207,131,103.798,215,104.465,213,107.58,247,108.927,236,-4.46188,222
2024,South Carolina,64.7592,345,62.9243,354,110.675,69,114.675,46,102.714,113,99.657,54,15.0182,50
2024,South Carolina St.,70.0724,85,68.572,108,98.7564,301,99.1071,299,105.93,207,110.078,254,-10.9713,301
2024,South Dakota,69.6046,105,68.648,103,104.81,192,103.138,236,115.022,354,116.955,356,-13.8173,322
2024,South Dakota St.,68.1353,200,67.8976,150,110.141,80,108.617,132,104.075,153,105.668,164,2.94848,136
2024,South Florida,69.1816,130,68.2022,132,110.161,79,110.991,88,100.397,61,101.164,84,9.82657,82
2024,Southeast Missouri St.,70.2532,77,69.0635,88,91.3467,356,91.2975,356,107.805,253,112.484,314,-21.187,352
2024,Southeastern Louisiana,66.363,289,64.7885,318,99.6263,285,98.8582,303,107.117,236,110.097,255,-11.2386,303
2024,Southern,69.4989,111,67.4114,172,97.1302,320,97.2558,320,100.251,58,104.544,142,-7.28863,262
2024,Southern Illinois,65.2859,334,64.4191,333,108.918,105,109.318,115,103.45,133,104.73,145,4.58779,123
2024,Southern Indiana,69.6879,102,68.9687,93,95.8048,332,96.056,332,107.179,237,111.856,295,-15.8,328
2024,Southern Miss,69.2217,127,67.981,144,101.04,262,101.342,264,105.427,192,106.987,194,-5.64499,242
2024,Southern Utah,70.7627,57,69.5445,70,103.096,228,105.874,184,109.419,284,111.858,296,-5.98427,249
2024,St. Bonaventure,66.0687,305,65.5258,292,109.997,84,111.638,82,103.025,120,104.157,135,7.48154,100
2024,St. John's,69.5686,109,69.2522,78,113.437,31,118.164,21,103.472,136,100.142,59,18.0215,30
2024,St. Thomas,63.4062,353,62.9364,353,110.512,72,107.699,148,102.773,115,105.848,171,1.8508,146
2024,Stanford,70.9054,55,69.5717,69,105.918,164,110.416,98,106.504,219,103.863,129,6.55223,105
2024,Stephen F. Austin,70.7669,56,69.1871,81,100.455,277,101.789,257,100.051,55,102.678,108,-0.889469,175
2024,Stetson,66.6291,277,66.1795,257,111.41,53,110.173,102,112.757,336,114.478,343,-4.30559,219
2024,Stonehill,69.3584,120,67.5907,164,91.0965,357,91.8539,354,110.575,304,114.755,344,-22.9012,359
2024,Stony Brook,67.4224,252,67.4623,170,106.149,155,106.348,174,105.89,204,106.99,195,-0.642087,171
2024,Syracuse,71.9314,33,70.6311,41,105.223,179,110.992,87,106.208,214,101.745,94,9.24761,88
2024,Tarleton St.,67.6789,228,66.682,232,106.673,145,109.569,109,103.315,126,105.811,168,3.75772,129
2024,TCU,70.6411,62,69.7094,63,110.06,82,114.99,45,99.7082,49,97.9128,32,17.0768,35
2024,Temple,67.71,225,66.7973,226,101.845,251,102.61,245,106.261,216,104.624,143,-2.01396,181
2024,Tennessee,70.591,63,69.2382,79,112.545,43,116.985,28,96.0253,8,91.0662,3,25.9188,7
2024,Tennessee Martin,73.1712,13,72.8371,7,107.464,128,106.577,171,105.484,194,110.692,268,-4.11495,216
2024,Tennessee St.,68.9388,146,68.3611,125,101.337,260,98.9616,302,104.104,154,108.829,234,-9.86769,289
2024,Tennessee Tech,66.8799,269,65.548,289,96.3688,328,96.3226,330,109.396,283,112.941,319,-16.6186,332
2024,Texas,68.1959,195,67.1882,197,111.933,51,118.353,20,102.265,105,100.221,61,18.1318,27
2024,Texas A&M,67.4371,249,65.8726,270,110.767,65,115.894,33,104.483,169,99.9032,56,15.9909,43
2024,Texas A&M Commerce,67.9104,213,66.1695,260,95.0077,337,94.7861,341,109.146,274,111.268,285,-16.4816,330
2024,Texas A&M Corpus Chris,70.0709,86,68.8166,96,102.2,244,100.434,278,97.8788,26,102.467,103,-2.03299,182
2024,Texas Southern,69.1649,131,67.9505,146,99.3774,293,98.8389,304,102.28,106,106.733,184,-7.89379,269
2024,Texas St.,68.0469,207,66.3739,250,98.3977,305,100.624,275,102.666,112,102.443,101,-1.81895,180
2024,Texas Tech,67.21,258,66.6674,233,111.985,50,117.794,24,102.629,111,99.5373,50,18.2562,25
2024,The Citadel,66.3762,288,65.4585,297,102.995,231,102.981,239,108.571,266,110.018,251,-7.03708,261
2024,Toledo,70.2208,78,69.3049,76,113.018,36,112.709,72,107.526,245,110.033,252,2.67592,139
2024,Towson,62.9453,358,62.2552,357,104.409,199,103.52,227,100.804,71,101.703,93,1.81663,147
2024,Troy,70.5477,66,69.6638,67,107.488,127,107.17,157,101.218,78,103.449,119,3.72072,131
2024,Tulane,73.1791,12,72.6464,12,109.276,99,110.809,89,108.336,262,107.816,210,2.99273,135
2024,Tulsa,71.342,47,70.4765,43,103.058,229,103.085,238,103.121,122,105.144,151,-2.05946,183
2024,UAB,68.7165,158,67.8117,154,111.082,61,113.706,59,109.004,270,107.237,199,6.46897,106
2024,UC Davis,67.8043,219,67.0977,201,103.173,225,102.38,249,100.868,73,103.134,115,-0.754191,173
2024,UC Irvine,69.5325,110,68.4556,119,109.341,98,109.678,108,98.1821,29,99.3652,44,10.3126,78
2024,UC Riverside,67.4215,253,67.0037,211,102.568,239,104.778,206,106.904,228,108.751,231,-3.97366,211
2024,UC San Diego,66.35,290,65.3631,303,111.18,59,111.885,79,103.666,141,107.291,200,4.59392,122
2024,UC Santa Barbara,68.5232,172,67.2746,190,105.82,167,106.353,173,105.986,209,109.652,244,-3.29906,202
2024,UCF,69.3238,123,68.5573,110,102.739,234,107.56,149,97.7992,24,95.4972,16,12.0625,64
2024,UCLA,64.5961,347,63.0068,352,101.958,249,107.25,156,102.134,99,99.4734,46,7.77669,97
2024,UMass Lowell,71.8171,38,70.0501,52,106.131,156,106.232,176,99.5746,43,104.823,147,1.40849,153
2024,UMBC,74.6659,4,73.0612,5,104.62,195,105.026,201,108.309,261,113.287,325,-8.26027,273
2024,UMKC,67.062,264,66.5362,246,103.235,223,101.372,262,104.565,171,105.228,155,-3.85554,209
2024,UNC Asheville,69.4386,114,68.1127,137,108.121,117,107.451,152,106.664,221,107.558,207,-0.10767,164
2024,UNC Greensboro,66.2571,295,64.7586,321,109.583,90,109.16,121,105.909,206,107.459,204,1.70078,149
2024,UNC Wilmington,65.4391,329,65.2722,305,113.75,28,113.322,66,107.267,240,108.533,223,4.7883,119
2024,UNLV,65.1191,339,65.3317,304,108.878,106,112.831,71,104.356,164,101.011,80,11.8205,67
2024,USC,69.6885,101,68.0931,140,104.817,191,110.409,99,105,181,100.896,75,9.5134,84
2024,USC Upstate,67.4261,251,67.0729,205,100.228,279,100.01,288,109.594,288,109.89,248,-9.8797,290
2024,UT Arlington,72.0241,31,71.0038,34,106.032,161,109.198,119,103.615,140,104.032,132,5.16624,115
2024,UT Rio Grande Valley,72.7721,19,71.2504,28,92.5937,352,95.4019,337,110.071,295,111.713,294,-16.3114,329
2024,Utah,70.7219,59,69.691,66,109.45,94,114.322,48,101.616,84,99.2864,42,15.0356,49
2024,Utah St.,69.0912,135,68.5842,107,112.576,42,115.856,37,101.866,92,100.356,64,15.5001,47
2024,Utah Tech,71.7239,39,70.3441,47,97.3634,316,99.6782,293,106.95,229,108.748,229,-9.06958,285
2024,Utah Valley,68.8082,153,67.6211,162,97.7764,312,100.001,289,99.422,37,100.375,65,-0.373449,168
2024,UTEP,70.3175,75,69.7066,65,97.0598,322,98.4333,307,97.3393,22,99.5896,53,-1.15634,178
2024,UTSA,71.2088,49,70.4693,44,106.085,160,107.038,161,112.703,335,113.548,331,-6.50919,253
2024,Valparaiso,68.7274,157,67.9034,149,97.1703,318,100.288,281,110.382,301,110.94,274,-10.6521,299
2024,Vanderbilt,67.8087,218,65.6018,284,99.9254,282,105.137,200,111.731,325,107.485,205,-2.34782,189
2024,VCU,66.153,301,65.5402,291,106.842,142,109.536,110,99.5413,41,98.6986,40,10.8373,75
2024,Vermont,65.4814,328,63.2867,350,107.533,125,107.121,158,97.2349,18,100.15,60,6.97122,104
2024,Villanova,64.3105,350,63.5107,347,106.88,141,110.785,91,99.6201,45,95.1543,15,15.6305,46
2024,Virginia,61.2557,362,60.0555,362,101.795,254,104.579,211,96.5051,10,93.4803,7,11.0982,73
2024,Virginia Tech,67.7409,223,67.3255,186,110.895,64,116.135,31,104.038,151,102.459,102,13.6759,54
2024,VMI,74.6183,5,74.6131,2,88.956,360,89.2125,360,113.016,339,111.24,281,-22.0273,353
2024,Wagner,62.6204,361,61.4217,361,97.8938,311,96.0517,333,99.6129,44,105.959,173,-9.90695,291
2024,Wake Forest,68.8134,152,68.3481,126,113.227,32,117.803,23,101.819,91,99.9799,57,17.823,32
2024,Washington,72.0719,29,71.1001,30,110.012,83,115.194,43,105.031,182,102.354,99,12.8404,59
2024,Washington St.,66.6789,276,64.8908,314,110.65,70,113.562,63,99.4722,38,97.1739,28,16.3881,38
2024,Weber St.,65.9154,310,65.5748,287,109.83,87,108.703,131,104.597,174,107.379,202,1.32433,155
2024,West Virginia,68.7147,159,68.4519,120,100.619,273,108.259,141,110.872,313,106.258,177,2.00114,145
2024,Western Carolina,67.8693,216,66.8268,223,109.357,97,109.223,117,101.721,88,103.544,123,5.67895,109
2024,Western Illinois,65.9421,307,64.6468,325,99.503,288,97.9128,314,101.336,79,105.791,167,-7.87834,268
2024,Western Kentucky,75.4183,1,75.1755,1,104.938,187,105.566,190,98.5188,33,102.492,104,3.07382,133
2024,Western Michigan,68.4724,175,68.4688,116,99.9831,281,99.9528,291,108.309,260,111.272,286,-11.3187,304
2024,Wichita St.,69.4098,115,67.9568,145,103.33,222,104.759,208,105.065,183,103.473,120,1.28505,156
2024,William & Mary,66.3042,292,65.8207,272,102.679,236,100.709,273,111.62,323,114.251,340,-13.5415,319
2024,Winthrop,67.8926,215,66.9026,217,107.786,121,106.907,167,105.782,202,108.038,214,-1.1316,177
2024,Wisconsin,65.7697,316,65.186,309,113.142,33,119.992,12,104.746,176,99.4918,47,20.5007,17
2024,Wofford,67.0921,263,65.5424,290,106.997,138,107.477,150,110.597,305,110.07,253,-2.59303,194
2024,Wright St.,72.4945,22,71.4331,23,117.424,12,115.945,32,112.877,337,115.144,348,0.801006,161
2024,Wyoming,67.6936,227,67.1507,199,105.195,180,108.904,126,110.955,315,107.557,206,1.34654,154
2024,Xavier,71.5081,41,71.0958,31,106.11,158,112.394,75,104.352,163,99.5533,52,12.8402,60
2024,Yale,65.6179,322,64.5282,329,110.425,75,110.75,92,102.165,101,101.356,89,9.39432,86
2024,Youngstown St.,70.048,88,68.8711,95,111.127,60,108.153,143,102.358,108,105.149,152,3.0045,134
