id,game_id,round_id,s_curve_a,s_curve_b
1,1,1,1,64
2,2,1,2,63
3,3,1,3,62
4,4,1,4,61
5,5,1,5,60
6,6,1,6,59
7,7,1,7,58
8,8,1,8,57
9,9,1,9,56
10,10,1,10,55
11,11,1,11,54
12,12,1,12,53
13,13,1,13,52
14,14,1,14,51
15,15,1,15,50
16,16,1,16,49
17,17,1,17,48
18,18,1,18,47
19,19,1,19,46
20,20,1,20,45
21,21,1,21,44
22,22,1,22,43
23,23,1,23,42
24,24,1,24,41
25,25,1,25,40
26,26,1,26,39
27,27,1,27,38
28,28,1,28,37
29,29,1,29,36
30,30,1,30,35
31,31,1,31,34
32,32,1,32,33
33,33,2,1,32
34,34,2,2,31
35,35,2,3,30
36,36,2,4,29
37,37,2,5,28
38,38,2,6,27
39,39,2,7,26
40,40,2,8,25
41,41,2,9,24
42,42,2,10,23
43,43,2,11,22
44,44,2,12,21
45,45,2,13,20
46,46,2,14,19
47,47,2,15,18
48,48,2,16,17
49,33,2,1,33
50,34,2,2,34
51,35,2,3,35
52,36,2,4,36
53,37,2,5,37
54,38,2,6,38
55,39,2,7,39
56,40,2,8,40
57,41,2,9,41
58,42,2,10,42
59,43,2,11,43
60,44,2,12,44
61,45,2,13,45
62,46,2,14,46
63,47,2,15,47
64,48,2,16,48
65,33,2,64,32
66,34,2,63,31
67,35,2,62,30
68,36,2,61,29
69,37,2,60,28
70,38,2,59,27
71,39,2,58,26
72,40,2,57,25
73,41,2,56,24
74,42,2,55,23
75,43,2,54,22
76,44,2,53,21
77,45,2,52,20
78,46,2,51,19
79,47,2,50,18
80,48,2,49,17
81,33,2,64,33
82,34,2,63,34
83,35,2,62,35
84,36,2,61,36
85,37,2,60,37
86,38,2,59,38
87,39,2,58,39
88,40,2,57,40
89,41,2,56,41
90,42,2,55,42
91,43,2,54,43
92,44,2,53,44
93,45,2,52,45
94,46,2,51,46
95,47,2,50,47
96,48,2,49,48
97,49,3,1,16
98,50,3,2,15
99,51,3,3,14
100,52,3,4,13
101,53,3,5,12
102,54,3,6,11
103,55,3,7,10
104,56,3,8,9
105,49,3,1,17
106,50,3,2,18
107,51,3,3,19
108,52,3,4,20
109,53,3,5,21
110,54,3,6,22
111,55,3,7,23
112,56,3,8,24
113,49,3,1,48
114,50,3,2,47
115,51,3,3,46
116,52,3,4,45
117,53,3,5,44
118,54,3,6,43
119,55,3,7,42
120,56,3,8,41
121,49,3,1,49
122,50,3,2,50
123,51,3,3,51
124,52,3,4,52
125,53,3,5,53
126,54,3,6,54
127,55,3,7,55
128,56,3,8,56
129,49,3,32,16
130,50,3,31,15
131,51,3,30,14
132,52,3,29,13
133,53,3,28,12
134,54,3,27,11
135,55,3,26,10
136,56,3,25,9
137,49,3,32,17
138,50,3,31,18
139,51,3,30,19
140,52,3,29,20
141,53,3,28,21
142,54,3,27,22
143,55,3,26,23
144,56,3,25,24
145,49,3,32,48
146,50,3,31,47
147,51,3,30,46
148,52,3,29,45
149,53,3,28,44
150,54,3,27,43
151,55,3,26,42
152,56,3,25,41
153,49,3,32,49
154,50,3,31,50
155,51,3,30,51
156,52,3,29,52
157,53,3,28,53
158,54,3,27,54
159,55,3,26,55
160,56,3,25,56
161,49,3,33,16
162,50,3,34,15
163,51,3,35,14
164,52,3,36,13
165,53,3,37,12
166,54,3,38,11
167,55,3,39,10
168,56,3,40,9
169,49,3,33,17
170,50,3,34,18
171,51,3,35,19
172,52,3,36,20
173,53,3,37,21
174,54,3,38,22
175,55,3,39,23
176,56,3,40,24
177,49,3,33,48
178,50,3,34,47
179,51,3,35,46
180,52,3,36,45
181,53,3,37,44
182,54,3,38,43
183,55,3,39,42
184,56,3,40,41
185,49,3,33,49
186,50,3,34,50
187,51,3,35,51
188,52,3,36,52
189,53,3,37,53
190,54,3,38,54
191,55,3,39,55
192,56,3,40,56
193,49,3,64,16
194,50,3,63,15
195,51,3,62,14
196,52,3,61,13
197,53,3,60,12
198,54,3,59,11
199,55,3,58,10
200,56,3,57,9
201,49,3,64,17
202,50,3,63,18
203,51,3,62,19
204,52,3,61,20
205,53,3,60,21
206,54,3,59,22
207,55,3,58,23
208,56,3,57,24
209,49,3,64,48
210,50,3,63,47
211,51,3,62,46
212,52,3,61,45
213,53,3,60,44
214,54,3,59,43
215,55,3,58,42
216,56,3,57,41
217,49,3,64,49
218,50,3,63,50
219,51,3,62,51
220,52,3,61,52
221,53,3,60,53
222,54,3,59,54
223,55,3,58,55
224,56,3,57,56
225,57,4,1,8
226,58,4,2,7
227,59,4,3,6
228,60,4,4,5
229,57,4,1,9
230,58,4,2,10
231,59,4,3,11
232,60,4,4,12
233,57,4,1,24
234,58,4,2,23
235,59,4,3,22
236,60,4,4,21
237,57,4,1,25
238,58,4,2,26
239,59,4,3,27
240,60,4,4,28
241,57,4,1,40
242,58,4,2,39
243,59,4,3,38
244,60,4,4,37
245,57,4,1,41
246,58,4,2,42
247,59,4,3,43
248,60,4,4,44
249,57,4,1,56
250,58,4,2,55
251,59,4,3,54
252,60,4,4,53
253,57,4,1,57
254,58,4,2,58
255,59,4,3,59
256,60,4,4,60
257,57,4,16,8
258,58,4,15,7
259,59,4,14,6
260,60,4,13,5
261,57,4,16,9
262,58,4,15,10
263,59,4,14,11
264,60,4,13,12
265,57,4,16,24
266,58,4,15,23
267,59,4,14,22
268,60,4,13,21
269,57,4,16,25
270,58,4,15,26
271,59,4,14,27
272,60,4,13,28
273,57,4,16,40
274,58,4,15,39
275,59,4,14,38
276,60,4,13,37
277,57,4,16,41
278,58,4,15,42
279,59,4,14,43
280,60,4,13,44
281,57,4,16,56
282,58,4,15,55
283,59,4,14,54
284,60,4,13,53
285,57,4,16,57
286,58,4,15,58
287,59,4,14,59
288,60,4,13,60
289,57,4,17,8
290,58,4,18,7
291,59,4,19,6
292,60,4,20,5
293,57,4,17,9
294,58,4,18,10
295,59,4,19,11
296,60,4,20,12
297,57,4,17,24
298,58,4,18,23
299,59,4,19,22
300,60,4,20,21
301,57,4,17,25
302,58,4,18,26
303,59,4,19,27
304,60,4,20,28
305,57,4,17,40
306,58,4,18,39
307,59,4,19,38
308,60,4,20,37
309,57,4,17,41
310,58,4,18,42
311,59,4,19,43
312,60,4,20,44
313,57,4,17,56
314,58,4,18,55
315,59,4,19,54
316,60,4,20,53
317,57,4,17,57
318,58,4,18,58
319,59,4,19,59
320,60,4,20,60
321,57,4,32,8
322,58,4,31,7
323,59,4,30,6
324,60,4,29,5
325,57,4,32,9
326,58,4,31,10
327,59,4,30,11
328,60,4,29,12
329,57,4,32,24
330,58,4,31,23
331,59,4,30,22
332,60,4,29,21
333,57,4,32,25
334,58,4,31,26
335,59,4,30,27
336,60,4,29,28
337,57,4,32,40
338,58,4,31,39
339,59,4,30,38
340,60,4,29,37
341,57,4,32,41
342,58,4,31,42
343,59,4,30,43
344,60,4,29,44
345,57,4,32,56
346,58,4,31,55
347,59,4,30,54
348,60,4,29,53
349,57,4,32,57
350,58,4,31,58
351,59,4,30,59
352,60,4,29,60
353,57,4,33,8
354,58,4,34,7
355,59,4,35,6
356,60,4,36,5
357,57,4,33,9
358,58,4,34,10
359,59,4,35,11
360,60,4,36,12
361,57,4,33,24
362,58,4,34,23
363,59,4,35,22
364,60,4,36,21
365,57,4,33,25
366,58,4,34,26
367,59,4,35,27
368,60,4,36,28
369,57,4,33,40
370,58,4,34,39
371,59,4,35,38
372,60,4,36,37
373,57,4,33,41
374,58,4,34,42
375,59,4,35,43
376,60,4,36,44
377,57,4,33,56
378,58,4,34,55
379,59,4,35,54
380,60,4,36,53
381,57,4,33,57
382,58,4,34,58
383,59,4,35,59
384,60,4,36,60
385,57,4,48,8
386,58,4,47,7
387,59,4,46,6
388,60,4,45,5
389,57,4,48,9
390,58,4,47,10
391,59,4,46,11
392,60,4,45,12
393,57,4,48,24
394,58,4,47,23
395,59,4,46,22
396,60,4,45,21
397,57,4,48,25
398,58,4,47,26
399,59,4,46,27
400,60,4,45,28
401,57,4,48,40
402,58,4,47,39
403,59,4,46,38
404,60,4,45,37
405,57,4,48,41
406,58,4,47,42
407,59,4,46,43
408,60,4,45,44
409,57,4,48,56
410,58,4,47,55
411,59,4,46,54
412,60,4,45,53
413,57,4,48,57
414,58,4,47,58
415,59,4,46,59
416,60,4,45,60
417,57,4,49,8
418,58,4,50,7
419,59,4,51,6
420,60,4,52,5
421,57,4,49,9
422,58,4,50,10
423,59,4,51,11
424,60,4,52,12
425,57,4,49,24
426,58,4,50,23
427,59,4,51,22
428,60,4,52,21
429,57,4,49,25
430,58,4,50,26
431,59,4,51,27
432,60,4,52,28
433,57,4,49,40
434,58,4,50,39
435,59,4,51,38
436,60,4,52,37
437,57,4,49,41
438,58,4,50,42
439,59,4,51,43
440,60,4,52,44
441,57,4,49,56
442,58,4,50,55
443,59,4,51,54
444,60,4,52,53
445,57,4,49,57
446,58,4,50,58
447,59,4,51,59
448,60,4,52,60
449,57,4,64,8
450,58,4,63,7
451,59,4,62,6
452,60,4,61,5
453,57,4,64,9
454,58,4,63,10
455,59,4,62,11
456,60,4,61,12
457,57,4,64,24
458,58,4,63,23
459,59,4,62,22
460,60,4,61,21
461,57,4,64,25
462,58,4,63,26
463,59,4,62,27
464,60,4,61,28
465,57,4,64,40
466,58,4,63,39
467,59,4,62,38
468,60,4,61,37
469,57,4,64,41
470,58,4,63,42
471,59,4,62,43
472,60,4,61,44
473,57,4,64,56
474,58,4,63,55
475,59,4,62,54
476,60,4,61,53
477,57,4,64,57
478,58,4,63,58
479,59,4,62,59
480,60,4,61,60
481,61,5,1,4
482,62,5,2,3
483,61,5,1,5
484,62,5,2,6
485,61,5,1,12
486,62,5,2,11
487,61,5,1,13
488,62,5,2,14
489,61,5,1,20
490,62,5,2,19
491,61,5,1,21
492,62,5,2,22
493,61,5,1,28
494,62,5,2,27
495,61,5,1,29
496,62,5,2,30
497,61,5,1,36
498,62,5,2,35
499,61,5,1,37
500,62,5,2,38
501,61,5,1,44
502,62,5,2,43
503,61,5,1,45
504,62,5,2,46
505,61,5,1,52
506,62,5,2,51
507,61,5,1,53
508,62,5,2,54
509,61,5,1,60
510,62,5,2,59
511,61,5,1,61
512,62,5,2,62
513,61,5,8,4
514,62,5,7,3
515,61,5,8,5
516,62,5,7,6
517,61,5,8,12
518,62,5,7,11
519,61,5,8,13
520,62,5,7,14
521,61,5,8,20
522,62,5,7,19
523,61,5,8,21
524,62,5,7,22
525,61,5,8,28
526,62,5,7,27
527,61,5,8,29
528,62,5,7,30
529,61,5,8,36
530,62,5,7,35
531,61,5,8,37
532,62,5,7,38
533,61,5,8,44
534,62,5,7,43
535,61,5,8,45
536,62,5,7,46
537,61,5,8,52
538,62,5,7,51
539,61,5,8,53
540,62,5,7,54
541,61,5,8,60
542,62,5,7,59
543,61,5,8,61
544,62,5,7,62
545,61,5,9,4
546,62,5,10,3
547,61,5,9,5
548,62,5,10,6
549,61,5,9,12
550,62,5,10,11
551,61,5,9,13
552,62,5,10,14
553,61,5,9,20
554,62,5,10,19
555,61,5,9,21
556,62,5,10,22
557,61,5,9,28
558,62,5,10,27
559,61,5,9,29
560,62,5,10,30
561,61,5,9,36
562,62,5,10,35
563,61,5,9,37
564,62,5,10,38
565,61,5,9,44
566,62,5,10,43
567,61,5,9,45
568,62,5,10,46
569,61,5,9,52
570,62,5,10,51
571,61,5,9,53
572,62,5,10,54
573,61,5,9,60
574,62,5,10,59
575,61,5,9,61
576,62,5,10,62
577,61,5,16,4
578,62,5,15,3
579,61,5,16,5
580,62,5,15,6
581,61,5,16,12
582,62,5,15,11
583,61,5,16,13
584,62,5,15,14
585,61,5,16,20
586,62,5,15,19
587,61,5,16,21
588,62,5,15,22
589,61,5,16,28
590,62,5,15,27
591,61,5,16,29
592,62,5,15,30
593,61,5,16,36
594,62,5,15,35
595,61,5,16,37
596,62,5,15,38
597,61,5,16,44
598,62,5,15,43
599,61,5,16,45
600,62,5,15,46
601,61,5,16,52
602,62,5,15,51
603,61,5,16,53
604,62,5,15,54
605,61,5,16,60
606,62,5,15,59
607,61,5,16,61
608,62,5,15,62
609,61,5,17,4
610,62,5,18,3
611,61,5,17,5
612,62,5,18,6
613,61,5,17,12
614,62,5,18,11
615,61,5,17,13
616,62,5,18,14
617,61,5,17,20
618,62,5,18,19
619,61,5,17,21
620,62,5,18,22
621,61,5,17,28
622,62,5,18,27
623,61,5,17,29
624,62,5,18,30
625,61,5,17,36
626,62,5,18,35
627,61,5,17,37
628,62,5,18,38
629,61,5,17,44
630,62,5,18,43
631,61,5,17,45
632,62,5,18,46
633,61,5,17,52
634,62,5,18,51
635,61,5,17,53
636,62,5,18,54
637,61,5,17,60
638,62,5,18,59
639,61,5,17,61
640,62,5,18,62
641,61,5,24,4
642,62,5,23,3
643,61,5,24,5
644,62,5,23,6
645,61,5,24,12
646,62,5,23,11
647,61,5,24,13
648,62,5,23,14
649,61,5,24,20
650,62,5,23,19
651,61,5,24,21
652,62,5,23,22
653,61,5,24,28
654,62,5,23,27
655,61,5,24,29
656,62,5,23,30
657,61,5,24,36
658,62,5,23,35
659,61,5,24,37
660,62,5,23,38
661,61,5,24,44
662,62,5,23,43
663,61,5,24,45
664,62,5,23,46
665,61,5,24,52
666,62,5,23,51
667,61,5,24,53
668,62,5,23,54
669,61,5,24,60
670,62,5,23,59
671,61,5,24,61
672,62,5,23,62
673,61,5,25,4
674,62,5,26,3
675,61,5,25,5
676,62,5,26,6
677,61,5,25,12
678,62,5,26,11
679,61,5,25,13
680,62,5,26,14
681,61,5,25,20
682,62,5,26,19
683,61,5,25,21
684,62,5,26,22
685,61,5,25,28
686,62,5,26,27
687,61,5,25,29
688,62,5,26,30
689,61,5,25,36
690,62,5,26,35
691,61,5,25,37
692,62,5,26,38
693,61,5,25,44
694,62,5,26,43
695,61,5,25,45
696,62,5,26,46
697,61,5,25,52
698,62,5,26,51
699,61,5,25,53
700,62,5,26,54
701,61,5,25,60
702,62,5,26,59
703,61,5,25,61
704,62,5,26,62
705,61,5,32,4
706,62,5,31,3
707,61,5,32,5
708,62,5,31,6
709,61,5,32,12
710,62,5,31,11
711,61,5,32,13
712,62,5,31,14
713,61,5,32,20
714,62,5,31,19
715,61,5,32,21
716,62,5,31,22
717,61,5,32,28
718,62,5,31,27
719,61,5,32,29
720,62,5,31,30
721,61,5,32,36
722,62,5,31,35
723,61,5,32,37
724,62,5,31,38
725,61,5,32,44
726,62,5,31,43
727,61,5,32,45
728,62,5,31,46
729,61,5,32,52
730,62,5,31,51
731,61,5,32,53
732,62,5,31,54
733,61,5,32,60
734,62,5,31,59
735,61,5,32,61
736,62,5,31,62
737,61,5,33,4
738,62,5,34,3
739,61,5,33,5
740,62,5,34,6
741,61,5,33,12
742,62,5,34,11
743,61,5,33,13
744,62,5,34,14
745,61,5,33,20
746,62,5,34,19
747,61,5,33,21
748,62,5,34,22
749,61,5,33,28
750,62,5,34,27
751,61,5,33,29
752,62,5,34,30
753,61,5,33,36
754,62,5,34,35
755,61,5,33,37
756,62,5,34,38
757,61,5,33,44
758,62,5,34,43
759,61,5,33,45
760,62,5,34,46
761,61,5,33,52
762,62,5,34,51
763,61,5,33,53
764,62,5,34,54
765,61,5,33,60
766,62,5,34,59
767,61,5,33,61
768,62,5,34,62
769,61,5,40,4
770,62,5,39,3
771,61,5,40,5
772,62,5,39,6
773,61,5,40,12
774,62,5,39,11
775,61,5,40,13
776,62,5,39,14
777,61,5,40,20
778,62,5,39,19
779,61,5,40,21
780,62,5,39,22
781,61,5,40,28
782,62,5,39,27
783,61,5,40,29
784,62,5,39,30
785,61,5,40,36
786,62,5,39,35
787,61,5,40,37
788,62,5,39,38
789,61,5,40,44
790,62,5,39,43
791,61,5,40,45
792,62,5,39,46
793,61,5,40,52
794,62,5,39,51
795,61,5,40,53
796,62,5,39,54
797,61,5,40,60
798,62,5,39,59
799,61,5,40,61
800,62,5,39,62
801,61,5,41,4
802,62,5,42,3
803,61,5,41,5
804,62,5,42,6
805,61,5,41,12
806,62,5,42,11
807,61,5,41,13
808,62,5,42,14
809,61,5,41,20
810,62,5,42,19
811,61,5,41,21
812,62,5,42,22
813,61,5,41,28
814,62,5,42,27
815,61,5,41,29
816,62,5,42,30
817,61,5,41,36
818,62,5,42,35
819,61,5,41,37
820,62,5,42,38
821,61,5,41,44
822,62,5,42,43
823,61,5,41,45
824,62,5,42,46
825,61,5,41,52
826,62,5,42,51
827,61,5,41,53
828,62,5,42,54
829,61,5,41,60
830,62,5,42,59
831,61,5,41,61
832,62,5,42,62
833,61,5,48,4
834,62,5,47,3
835,61,5,48,5
836,62,5,47,6
837,61,5,48,12
838,62,5,47,11
839,61,5,48,13
840,62,5,47,14
841,61,5,48,20
842,62,5,47,19
843,61,5,48,21
844,62,5,47,22
845,61,5,48,28
846,62,5,47,27
847,61,5,48,29
848,62,5,47,30
849,61,5,48,36
850,62,5,47,35
851,61,5,48,37
852,62,5,47,38
853,61,5,48,44
854,62,5,47,43
855,61,5,48,45
856,62,5,47,46
857,61,5,48,52
858,62,5,47,51
859,61,5,48,53
860,62,5,47,54
861,61,5,48,60
862,62,5,47,59
863,61,5,48,61
864,62,5,47,62
865,61,5,49,4
866,62,5,50,3
867,61,5,49,5
868,62,5,50,6
869,61,5,49,12
870,62,5,50,11
871,61,5,49,13
872,62,5,50,14
873,61,5,49,20
874,62,5,50,19
875,61,5,49,21
876,62,5,50,22
877,61,5,49,28
878,62,5,50,27
879,61,5,49,29
880,62,5,50,30
881,61,5,49,36
882,62,5,50,35
883,61,5,49,37
884,62,5,50,38
885,61,5,49,44
886,62,5,50,43
887,61,5,49,45
888,62,5,50,46
889,61,5,49,52
890,62,5,50,51
891,61,5,49,53
892,62,5,50,54
893,61,5,49,60
894,62,5,50,59
895,61,5,49,61
896,62,5,50,62
897,61,5,56,4
898,62,5,55,3
899,61,5,56,5
900,62,5,55,6
901,61,5,56,12
902,62,5,55,11
903,61,5,56,13
904,62,5,55,14
905,61,5,56,20
906,62,5,55,19
907,61,5,56,21
908,62,5,55,22
909,61,5,56,28
910,62,5,55,27
911,61,5,56,29
912,62,5,55,30
913,61,5,56,36
914,62,5,55,35
915,61,5,56,37
916,62,5,55,38
917,61,5,56,44
918,62,5,55,43
919,61,5,56,45
920,62,5,55,46
921,61,5,56,52
922,62,5,55,51
923,61,5,56,53
924,62,5,55,54
925,61,5,56,60
926,62,5,55,59
927,61,5,56,61
928,62,5,55,62
929,61,5,57,4
930,62,5,58,3
931,61,5,57,5
932,62,5,58,6
933,61,5,57,12
934,62,5,58,11
935,61,5,57,13
936,62,5,58,14
937,61,5,57,20
938,62,5,58,19
939,61,5,57,21
940,62,5,58,22
941,61,5,57,28
942,62,5,58,27
943,61,5,57,29
944,62,5,58,30
945,61,5,57,36
946,62,5,58,35
947,61,5,57,37
948,62,5,58,38
949,61,5,57,44
950,62,5,58,43
951,61,5,57,45
952,62,5,58,46
953,61,5,57,52
954,62,5,58,51
955,61,5,57,53
956,62,5,58,54
957,61,5,57,60
958,62,5,58,59
959,61,5,57,61
960,62,5,58,62
961,61,5,64,4
962,62,5,63,3
963,61,5,64,5
964,62,5,63,6
965,61,5,64,12
966,62,5,63,11
967,61,5,64,13
968,62,5,63,14
969,61,5,64,20
970,62,5,63,19
971,61,5,64,21
972,62,5,63,22
973,61,5,64,28
974,62,5,63,27
975,61,5,64,29
976,62,5,63,30
977,61,5,64,36
978,62,5,63,35
979,61,5,64,37
980,62,5,63,38
981,61,5,64,44
982,62,5,63,43
983,61,5,64,45
984,62,5,63,46
985,61,5,64,52
986,62,5,63,51
987,61,5,64,53
988,62,5,63,54
989,61,5,64,60
990,62,5,63,59
991,61,5,64,61
992,62,5,63,62
993,63,6,1,2
994,63,6,1,3
995,63,6,1,6
996,63,6,1,7
997,63,6,1,10
998,63,6,1,11
999,63,6,1,14
1000,63,6,1,15
1001,63,6,1,18
1002,63,6,1,19
1003,63,6,1,22
1004,63,6,1,23
1005,63,6,1,26
1006,63,6,1,27
1007,63,6,1,30
1008,63,6,1,31
1009,63,6,1,34
1010,63,6,1,35
1011,63,6,1,38
1012,63,6,1,39
1013,63,6,1,42
1014,63,6,1,43
1015,63,6,1,46
1016,63,6,1,47
1017,63,6,1,50
1018,63,6,1,51
1019,63,6,1,54
1020,63,6,1,55
1021,63,6,1,58
1022,63,6,1,59
1023,63,6,1,62
1024,63,6,1,63
1025,63,6,4,2
1026,63,6,4,3
1027,63,6,4,6
1028,63,6,4,7
1029,63,6,4,10
1030,63,6,4,11
1031,63,6,4,14
1032,63,6,4,15
1033,63,6,4,18
1034,63,6,4,19
1035,63,6,4,22
1036,63,6,4,23
1037,63,6,4,26
1038,63,6,4,27
1039,63,6,4,30
1040,63,6,4,31
1041,63,6,4,34
1042,63,6,4,35
1043,63,6,4,38
1044,63,6,4,39
1045,63,6,4,42
1046,63,6,4,43
1047,63,6,4,46
1048,63,6,4,47
1049,63,6,4,50
1050,63,6,4,51
1051,63,6,4,54
1052,63,6,4,55
1053,63,6,4,58
1054,63,6,4,59
1055,63,6,4,62
1056,63,6,4,63
1057,63,6,5,2
1058,63,6,5,3
1059,63,6,5,6
1060,63,6,5,7
1061,63,6,5,10
1062,63,6,5,11
1063,63,6,5,14
1064,63,6,5,15
1065,63,6,5,18
1066,63,6,5,19
1067,63,6,5,22
1068,63,6,5,23
1069,63,6,5,26
1070,63,6,5,27
1071,63,6,5,30
1072,63,6,5,31
1073,63,6,5,34
1074,63,6,5,35
1075,63,6,5,38
1076,63,6,5,39
1077,63,6,5,42
1078,63,6,5,43
1079,63,6,5,46
1080,63,6,5,47
1081,63,6,5,50
1082,63,6,5,51
1083,63,6,5,54
1084,63,6,5,55
1085,63,6,5,58
1086,63,6,5,59
1087,63,6,5,62
1088,63,6,5,63
1089,63,6,8,2
1090,63,6,8,3
1091,63,6,8,6
1092,63,6,8,7
1093,63,6,8,10
1094,63,6,8,11
1095,63,6,8,14
1096,63,6,8,15
1097,63,6,8,18
1098,63,6,8,19
1099,63,6,8,22
1100,63,6,8,23
1101,63,6,8,26
1102,63,6,8,27
1103,63,6,8,30
1104,63,6,8,31
1105,63,6,8,34
1106,63,6,8,35
1107,63,6,8,38
1108,63,6,8,39
1109,63,6,8,42
1110,63,6,8,43
1111,63,6,8,46
1112,63,6,8,47
1113,63,6,8,50
1114,63,6,8,51
1115,63,6,8,54
1116,63,6,8,55
1117,63,6,8,58
1118,63,6,8,59
1119,63,6,8,62
1120,63,6,8,63
1121,63,6,9,2
1122,63,6,9,3
1123,63,6,9,6
1124,63,6,9,7
1125,63,6,9,10
1126,63,6,9,11
1127,63,6,9,14
1128,63,6,9,15
1129,63,6,9,18
1130,63,6,9,19
1131,63,6,9,22
1132,63,6,9,23
1133,63,6,9,26
1134,63,6,9,27
1135,63,6,9,30
1136,63,6,9,31
1137,63,6,9,34
1138,63,6,9,35
1139,63,6,9,38
1140,63,6,9,39
1141,63,6,9,42
1142,63,6,9,43
1143,63,6,9,46
1144,63,6,9,47
1145,63,6,9,50
1146,63,6,9,51
1147,63,6,9,54
1148,63,6,9,55
1149,63,6,9,58
1150,63,6,9,59
1151,63,6,9,62
1152,63,6,9,63
1153,63,6,12,2
1154,63,6,12,3
1155,63,6,12,6
1156,63,6,12,7
1157,63,6,12,10
1158,63,6,12,11
1159,63,6,12,14
1160,63,6,12,15
1161,63,6,12,18
1162,63,6,12,19
1163,63,6,12,22
1164,63,6,12,23
1165,63,6,12,26
1166,63,6,12,27
1167,63,6,12,30
1168,63,6,12,31
1169,63,6,12,34
1170,63,6,12,35
1171,63,6,12,38
1172,63,6,12,39
1173,63,6,12,42
1174,63,6,12,43
1175,63,6,12,46
1176,63,6,12,47
1177,63,6,12,50
1178,63,6,12,51
1179,63,6,12,54
1180,63,6,12,55
1181,63,6,12,58
1182,63,6,12,59
1183,63,6,12,62
1184,63,6,12,63
1185,63,6,13,2
1186,63,6,13,3
1187,63,6,13,6
1188,63,6,13,7
1189,63,6,13,10
1190,63,6,13,11
1191,63,6,13,14
1192,63,6,13,15
1193,63,6,13,18
1194,63,6,13,19
1195,63,6,13,22
1196,63,6,13,23
1197,63,6,13,26
1198,63,6,13,27
1199,63,6,13,30
1200,63,6,13,31
1201,63,6,13,34
1202,63,6,13,35
1203,63,6,13,38
1204,63,6,13,39
1205,63,6,13,42
1206,63,6,13,43
1207,63,6,13,46
1208,63,6,13,47
1209,63,6,13,50
1210,63,6,13,51
1211,63,6,13,54
1212,63,6,13,55
1213,63,6,13,58
1214,63,6,13,59
1215,63,6,13,62
1216,63,6,13,63
1217,63,6,16,2
1218,63,6,16,3
1219,63,6,16,6
1220,63,6,16,7
1221,63,6,16,10
1222,63,6,16,11
1223,63,6,16,14
1224,63,6,16,15
1225,63,6,16,18
1226,63,6,16,19
1227,63,6,16,22
1228,63,6,16,23
1229,63,6,16,26
1230,63,6,16,27
1231,63,6,16,30
1232,63,6,16,31
1233,63,6,16,34
1234,63,6,16,35
1235,63,6,16,38
1236,63,6,16,39
1237,63,6,16,42
1238,63,6,16,43
1239,63,6,16,46
1240,63,6,16,47
1241,63,6,16,50
1242,63,6,16,51
1243,63,6,16,54
1244,63,6,16,55
1245,63,6,16,58
1246,63,6,16,59
1247,63,6,16,62
1248,63,6,16,63
1249,63,6,17,2
1250,63,6,17,3
1251,63,6,17,6
1252,63,6,17,7
1253,63,6,17,10
1254,63,6,17,11
1255,63,6,17,14
1256,63,6,17,15
1257,63,6,17,18
1258,63,6,17,19
1259,63,6,17,22
1260,63,6,17,23
1261,63,6,17,26
1262,63,6,17,27
1263,63,6,17,30
1264,63,6,17,31
1265,63,6,17,34
1266,63,6,17,35
1267,63,6,17,38
1268,63,6,17,39
1269,63,6,17,42
1270,63,6,17,43
1271,63,6,17,46
1272,63,6,17,47
1273,63,6,17,50
1274,63,6,17,51
1275,63,6,17,54
1276,63,6,17,55
1277,63,6,17,58
1278,63,6,17,59
1279,63,6,17,62
1280,63,6,17,63
1281,63,6,20,2
1282,63,6,20,3
1283,63,6,20,6
1284,63,6,20,7
1285,63,6,20,10
1286,63,6,20,11
1287,63,6,20,14
1288,63,6,20,15
1289,63,6,20,18
1290,63,6,20,19
1291,63,6,20,22
1292,63,6,20,23
1293,63,6,20,26
1294,63,6,20,27
1295,63,6,20,30
1296,63,6,20,31
1297,63,6,20,34
1298,63,6,20,35
1299,63,6,20,38
1300,63,6,20,39
1301,63,6,20,42
1302,63,6,20,43
1303,63,6,20,46
1304,63,6,20,47
1305,63,6,20,50
1306,63,6,20,51
1307,63,6,20,54
1308,63,6,20,55
1309,63,6,20,58
1310,63,6,20,59
1311,63,6,20,62
1312,63,6,20,63
1313,63,6,21,2
1314,63,6,21,3
1315,63,6,21,6
1316,63,6,21,7
1317,63,6,21,10
1318,63,6,21,11
1319,63,6,21,14
1320,63,6,21,15
1321,63,6,21,18
1322,63,6,21,19
1323,63,6,21,22
1324,63,6,21,23
1325,63,6,21,26
1326,63,6,21,27
1327,63,6,21,30
1328,63,6,21,31
1329,63,6,21,34
1330,63,6,21,35
1331,63,6,21,38
1332,63,6,21,39
1333,63,6,21,42
1334,63,6,21,43
1335,63,6,21,46
1336,63,6,21,47
1337,63,6,21,50
1338,63,6,21,51
1339,63,6,21,54
1340,63,6,21,55
1341,63,6,21,58
1342,63,6,21,59
1343,63,6,21,62
1344,63,6,21,63
1345,63,6,24,2
1346,63,6,24,3
1347,63,6,24,6
1348,63,6,24,7
1349,63,6,24,10
1350,63,6,24,11
1351,63,6,24,14
1352,63,6,24,15
1353,63,6,24,18
1354,63,6,24,19
1355,63,6,24,22
1356,63,6,24,23
1357,63,6,24,26
1358,63,6,24,27
1359,63,6,24,30
1360,63,6,24,31
1361,63,6,24,34
1362,63,6,24,35
1363,63,6,24,38
1364,63,6,24,39
1365,63,6,24,42
1366,63,6,24,43
1367,63,6,24,46
1368,63,6,24,47
1369,63,6,24,50
1370,63,6,24,51
1371,63,6,24,54
1372,63,6,24,55
1373,63,6,24,58
1374,63,6,24,59
1375,63,6,24,62
1376,63,6,24,63
1377,63,6,25,2
1378,63,6,25,3
1379,63,6,25,6
1380,63,6,25,7
1381,63,6,25,10
1382,63,6,25,11
1383,63,6,25,14
1384,63,6,25,15
1385,63,6,25,18
1386,63,6,25,19
1387,63,6,25,22
1388,63,6,25,23
1389,63,6,25,26
1390,63,6,25,27
1391,63,6,25,30
1392,63,6,25,31
1393,63,6,25,34
1394,63,6,25,35
1395,63,6,25,38
1396,63,6,25,39
1397,63,6,25,42
1398,63,6,25,43
1399,63,6,25,46
1400,63,6,25,47
1401,63,6,25,50
1402,63,6,25,51
1403,63,6,25,54
1404,63,6,25,55
1405,63,6,25,58
1406,63,6,25,59
1407,63,6,25,62
1408,63,6,25,63
1409,63,6,28,2
1410,63,6,28,3
1411,63,6,28,6
1412,63,6,28,7
1413,63,6,28,10
1414,63,6,28,11
1415,63,6,28,14
1416,63,6,28,15
1417,63,6,28,18
1418,63,6,28,19
1419,63,6,28,22
1420,63,6,28,23
1421,63,6,28,26
1422,63,6,28,27
1423,63,6,28,30
1424,63,6,28,31
1425,63,6,28,34
1426,63,6,28,35
1427,63,6,28,38
1428,63,6,28,39
1429,63,6,28,42
1430,63,6,28,43
1431,63,6,28,46
1432,63,6,28,47
1433,63,6,28,50
1434,63,6,28,51
1435,63,6,28,54
1436,63,6,28,55
1437,63,6,28,58
1438,63,6,28,59
1439,63,6,28,62
1440,63,6,28,63
1441,63,6,29,2
1442,63,6,29,3
1443,63,6,29,6
1444,63,6,29,7
1445,63,6,29,10
1446,63,6,29,11
1447,63,6,29,14
1448,63,6,29,15
1449,63,6,29,18
1450,63,6,29,19
1451,63,6,29,22
1452,63,6,29,23
1453,63,6,29,26
1454,63,6,29,27
1455,63,6,29,30
1456,63,6,29,31
1457,63,6,29,34
1458,63,6,29,35
1459,63,6,29,38
1460,63,6,29,39
1461,63,6,29,42
1462,63,6,29,43
1463,63,6,29,46
1464,63,6,29,47
1465,63,6,29,50
1466,63,6,29,51
1467,63,6,29,54
1468,63,6,29,55
1469,63,6,29,58
1470,63,6,29,59
1471,63,6,29,62
1472,63,6,29,63
1473,63,6,32,2
1474,63,6,32,3
1475,63,6,32,6
1476,63,6,32,7
1477,63,6,32,10
1478,63,6,32,11
1479,63,6,32,14
1480,63,6,32,15
1481,63,6,32,18
1482,63,6,32,19
1483,63,6,32,22
1484,63,6,32,23
1485,63,6,32,26
1486,63,6,32,27
1487,63,6,32,30
1488,63,6,32,31
1489,63,6,32,34
1490,63,6,32,35
1491,63,6,32,38
1492,63,6,32,39
1493,63,6,32,42
1494,63,6,32,43
1495,63,6,32,46
1496,63,6,32,47
1497,63,6,32,50
1498,63,6,32,51
1499,63,6,32,54
1500,63,6,32,55
1501,63,6,32,58
1502,63,6,32,59
1503,63,6,32,62
1504,63,6,32,63
1505,63,6,33,2
1506,63,6,33,3
1507,63,6,33,6
1508,63,6,33,7
1509,63,6,33,10
1510,63,6,33,11
1511,63,6,33,14
1512,63,6,33,15
1513,63,6,33,18
1514,63,6,33,19
1515,63,6,33,22
1516,63,6,33,23
1517,63,6,33,26
1518,63,6,33,27
1519,63,6,33,30
1520,63,6,33,31
1521,63,6,33,34
1522,63,6,33,35
1523,63,6,33,38
1524,63,6,33,39
1525,63,6,33,42
1526,63,6,33,43
1527,63,6,33,46
1528,63,6,33,47
1529,63,6,33,50
1530,63,6,33,51
1531,63,6,33,54
1532,63,6,33,55
1533,63,6,33,58
1534,63,6,33,59
1535,63,6,33,62
1536,63,6,33,63
1537,63,6,36,2
1538,63,6,36,3
1539,63,6,36,6
1540,63,6,36,7
1541,63,6,36,10
1542,63,6,36,11
1543,63,6,36,14
1544,63,6,36,15
1545,63,6,36,18
1546,63,6,36,19
1547,63,6,36,22
1548,63,6,36,23
1549,63,6,36,26
1550,63,6,36,27
1551,63,6,36,30
1552,63,6,36,31
1553,63,6,36,34
1554,63,6,36,35
1555,63,6,36,38
1556,63,6,36,39
1557,63,6,36,42
1558,63,6,36,43
1559,63,6,36,46
1560,63,6,36,47
1561,63,6,36,50
1562,63,6,36,51
1563,63,6,36,54
1564,63,6,36,55
1565,63,6,36,58
1566,63,6,36,59
1567,63,6,36,62
1568,63,6,36,63
1569,63,6,37,2
1570,63,6,37,3
1571,63,6,37,6
1572,63,6,37,7
1573,63,6,37,10
1574,63,6,37,11
1575,63,6,37,14
1576,63,6,37,15
1577,63,6,37,18
1578,63,6,37,19
1579,63,6,37,22
1580,63,6,37,23
1581,63,6,37,26
1582,63,6,37,27
1583,63,6,37,30
1584,63,6,37,31
1585,63,6,37,34
1586,63,6,37,35
1587,63,6,37,38
1588,63,6,37,39
1589,63,6,37,42
1590,63,6,37,43
1591,63,6,37,46
1592,63,6,37,47
1593,63,6,37,50
1594,63,6,37,51
1595,63,6,37,54
1596,63,6,37,55
1597,63,6,37,58
1598,63,6,37,59
1599,63,6,37,62
1600,63,6,37,63
1601,63,6,40,2
1602,63,6,40,3
1603,63,6,40,6
1604,63,6,40,7
1605,63,6,40,10
1606,63,6,40,11
1607,63,6,40,14
1608,63,6,40,15
1609,63,6,40,18
1610,63,6,40,19
1611,63,6,40,22
1612,63,6,40,23
1613,63,6,40,26
1614,63,6,40,27
1615,63,6,40,30
1616,63,6,40,31
1617,63,6,40,34
1618,63,6,40,35
1619,63,6,40,38
1620,63,6,40,39
1621,63,6,40,42
1622,63,6,40,43
1623,63,6,40,46
1624,63,6,40,47
1625,63,6,40,50
1626,63,6,40,51
1627,63,6,40,54
1628,63,6,40,55
1629,63,6,40,58
1630,63,6,40,59
1631,63,6,40,62
1632,63,6,40,63
1633,63,6,41,2
1634,63,6,41,3
1635,63,6,41,6
1636,63,6,41,7
1637,63,6,41,10
1638,63,6,41,11
1639,63,6,41,14
1640,63,6,41,15
1641,63,6,41,18
1642,63,6,41,19
1643,63,6,41,22
1644,63,6,41,23
1645,63,6,41,26
1646,63,6,41,27
1647,63,6,41,30
1648,63,6,41,31
1649,63,6,41,34
1650,63,6,41,35
1651,63,6,41,38
1652,63,6,41,39
1653,63,6,41,42
1654,63,6,41,43
1655,63,6,41,46
1656,63,6,41,47
1657,63,6,41,50
1658,63,6,41,51
1659,63,6,41,54
1660,63,6,41,55
1661,63,6,41,58
1662,63,6,41,59
1663,63,6,41,62
1664,63,6,41,63
1665,63,6,44,2
1666,63,6,44,3
1667,63,6,44,6
1668,63,6,44,7
1669,63,6,44,10
1670,63,6,44,11
1671,63,6,44,14
1672,63,6,44,15
1673,63,6,44,18
1674,63,6,44,19
1675,63,6,44,22
1676,63,6,44,23
1677,63,6,44,26
1678,63,6,44,27
1679,63,6,44,30
1680,63,6,44,31
1681,63,6,44,34
1682,63,6,44,35
1683,63,6,44,38
1684,63,6,44,39
1685,63,6,44,42
1686,63,6,44,43
1687,63,6,44,46
1688,63,6,44,47
1689,63,6,44,50
1690,63,6,44,51
1691,63,6,44,54
1692,63,6,44,55
1693,63,6,44,58
1694,63,6,44,59
1695,63,6,44,62
1696,63,6,44,63
1697,63,6,45,2
1698,63,6,45,3
1699,63,6,45,6
1700,63,6,45,7
1701,63,6,45,10
1702,63,6,45,11
1703,63,6,45,14
1704,63,6,45,15
1705,63,6,45,18
1706,63,6,45,19
1707,63,6,45,22
1708,63,6,45,23
1709,63,6,45,26
1710,63,6,45,27
1711,63,6,45,30
1712,63,6,45,31
1713,63,6,45,34
1714,63,6,45,35
1715,63,6,45,38
1716,63,6,45,39
1717,63,6,45,42
1718,63,6,45,43
1719,63,6,45,46
1720,63,6,45,47
1721,63,6,45,50
1722,63,6,45,51
1723,63,6,45,54
1724,63,6,45,55
1725,63,6,45,58
1726,63,6,45,59
1727,63,6,45,62
1728,63,6,45,63
1729,63,6,48,2
1730,63,6,48,3
1731,63,6,48,6
1732,63,6,48,7
1733,63,6,48,10
1734,63,6,48,11
1735,63,6,48,14
1736,63,6,48,15
1737,63,6,48,18
1738,63,6,48,19
1739,63,6,48,22
1740,63,6,48,23
1741,63,6,48,26
1742,63,6,48,27
1743,63,6,48,30
1744,63,6,48,31
1745,63,6,48,34
1746,63,6,48,35
1747,63,6,48,38
1748,63,6,48,39
1749,63,6,48,42
1750,63,6,48,43
1751,63,6,48,46
1752,63,6,48,47
1753,63,6,48,50
1754,63,6,48,51
1755,63,6,48,54
1756,63,6,48,55
1757,63,6,48,58
1758,63,6,48,59
1759,63,6,48,62
1760,63,6,48,63
1761,63,6,49,2
1762,63,6,49,3
1763,63,6,49,6
1764,63,6,49,7
1765,63,6,49,10
1766,63,6,49,11
1767,63,6,49,14
1768,63,6,49,15
1769,63,6,49,18
1770,63,6,49,19
1771,63,6,49,22
1772,63,6,49,23
1773,63,6,49,26
1774,63,6,49,27
1775,63,6,49,30
1776,63,6,49,31
1777,63,6,49,34
1778,63,6,49,35
1779,63,6,49,38
1780,63,6,49,39
1781,63,6,49,42
1782,63,6,49,43
1783,63,6,49,46
1784,63,6,49,47
1785,63,6,49,50
1786,63,6,49,51
1787,63,6,49,54
1788,63,6,49,55
1789,63,6,49,58
1790,63,6,49,59
1791,63,6,49,62
1792,63,6,49,63
1793,63,6,52,2
1794,63,6,52,3
1795,63,6,52,6
1796,63,6,52,7
1797,63,6,52,10
1798,63,6,52,11
1799,63,6,52,14
1800,63,6,52,15
1801,63,6,52,18
1802,63,6,52,19
1803,63,6,52,22
1804,63,6,52,23
1805,63,6,52,26
1806,63,6,52,27
1807,63,6,52,30
1808,63,6,52,31
1809,63,6,52,34
1810,63,6,52,35
1811,63,6,52,38
1812,63,6,52,39
1813,63,6,52,42
1814,63,6,52,43
1815,63,6,52,46
1816,63,6,52,47
1817,63,6,52,50
1818,63,6,52,51
1819,63,6,52,54
1820,63,6,52,55
1821,63,6,52,58
1822,63,6,52,59
1823,63,6,52,62
1824,63,6,52,63
1825,63,6,53,2
1826,63,6,53,3
1827,63,6,53,6
1828,63,6,53,7
1829,63,6,53,10
1830,63,6,53,11
1831,63,6,53,14
1832,63,6,53,15
1833,63,6,53,18
1834,63,6,53,19
1835,63,6,53,22
1836,63,6,53,23
1837,63,6,53,26
1838,63,6,53,27
1839,63,6,53,30
1840,63,6,53,31
1841,63,6,53,34
1842,63,6,53,35
1843,63,6,53,38
1844,63,6,53,39
1845,63,6,53,42
1846,63,6,53,43
1847,63,6,53,46
1848,63,6,53,47
1849,63,6,53,50
1850,63,6,53,51
1851,63,6,53,54
1852,63,6,53,55
1853,63,6,53,58
1854,63,6,53,59
1855,63,6,53,62
1856,63,6,53,63
1857,63,6,56,2
1858,63,6,56,3
1859,63,6,56,6
1860,63,6,56,7
1861,63,6,56,10
1862,63,6,56,11
1863,63,6,56,14
1864,63,6,56,15
1865,63,6,56,18
1866,63,6,56,19
1867,63,6,56,22
1868,63,6,56,23
1869,63,6,56,26
1870,63,6,56,27
1871,63,6,56,30
1872,63,6,56,31
1873,63,6,56,34
1874,63,6,56,35
1875,63,6,56,38
1876,63,6,56,39
1877,63,6,56,42
1878,63,6,56,43
1879,63,6,56,46
1880,63,6,56,47
1881,63,6,56,50
1882,63,6,56,51
1883,63,6,56,54
1884,63,6,56,55
1885,63,6,56,58
1886,63,6,56,59
1887,63,6,56,62
1888,63,6,56,63
1889,63,6,57,2
1890,63,6,57,3
1891,63,6,57,6
1892,63,6,57,7
1893,63,6,57,10
1894,63,6,57,11
1895,63,6,57,14
1896,63,6,57,15
1897,63,6,57,18
1898,63,6,57,19
1899,63,6,57,22
1900,63,6,57,23
1901,63,6,57,26
1902,63,6,57,27
1903,63,6,57,30
1904,63,6,57,31
1905,63,6,57,34
1906,63,6,57,35
1907,63,6,57,38
1908,63,6,57,39
1909,63,6,57,42
1910,63,6,57,43
1911,63,6,57,46
1912,63,6,57,47
1913,63,6,57,50
1914,63,6,57,51
1915,63,6,57,54
1916,63,6,57,55
1917,63,6,57,58
1918,63,6,57,59
1919,63,6,57,62
1920,63,6,57,63
1921,63,6,60,2
1922,63,6,60,3
1923,63,6,60,6
1924,63,6,60,7
1925,63,6,60,10
1926,63,6,60,11
1927,63,6,60,14
1928,63,6,60,15
1929,63,6,60,18
1930,63,6,60,19
1931,63,6,60,22
1932,63,6,60,23
1933,63,6,60,26
1934,63,6,60,27
1935,63,6,60,30
1936,63,6,60,31
1937,63,6,60,34
1938,63,6,60,35
1939,63,6,60,38
1940,63,6,60,39
1941,63,6,60,42
1942,63,6,60,43
1943,63,6,60,46
1944,63,6,60,47
1945,63,6,60,50
1946,63,6,60,51
1947,63,6,60,54
1948,63,6,60,55
1949,63,6,60,58
1950,63,6,60,59
1951,63,6,60,62
1952,63,6,60,63
1953,63,6,61,2
1954,63,6,61,3
1955,63,6,61,6
1956,63,6,61,7
1957,63,6,61,10
1958,63,6,61,11
1959,63,6,61,14
1960,63,6,61,15
1961,63,6,61,18
1962,63,6,61,19
1963,63,6,61,22
1964,63,6,61,23
1965,63,6,61,26
1966,63,6,61,27
1967,63,6,61,30
1968,63,6,61,31
1969,63,6,61,34
1970,63,6,61,35
1971,63,6,61,38
1972,63,6,61,39
1973,63,6,61,42
1974,63,6,61,43
1975,63,6,61,46
1976,63,6,61,47
1977,63,6,61,50
1978,63,6,61,51
1979,63,6,61,54
1980,63,6,61,55
1981,63,6,61,58
1982,63,6,61,59
1983,63,6,61,62
1984,63,6,61,63
1985,63,6,64,2
1986,63,6,64,3
1987,63,6,64,6
1988,63,6,64,7
1989,63,6,64,10
1990,63,6,64,11
1991,63,6,64,14
1992,63,6,64,15
1993,63,6,64,18
1994,63,6,64,19
1995,63,6,64,22
1996,63,6,64,23
1997,63,6,64,26
1998,63,6,64,27
1999,63,6,64,30
2000,63,6,64,31
2001,63,6,64,34
2002,63,6,64,35
2003,63,6,64,38
2004,63,6,64,39
2005,63,6,64,42
2006,63,6,64,43
2007,63,6,64,46
2008,63,6,64,47
2009,63,6,64,50
2010,63,6,64,51
2011,63,6,64,54
2012,63,6,64,55
2013,63,6,64,58
2014,63,6,64,59
2015,63,6,64,62
2016,63,6,64,63
